<application>
  <component name="GithubAccounts">
    <account id="884cf063-f7d2-40f5-8317-46c602c046f6" name="Skarzynski-Martin">
      <server useHttp="false" host="github.boozallencsn.com" />
    </account>
    <account id="82f89a82-6fb1-4ba7-bc0e-8700f9958a89" name="mskar">
      <server host="github.com" />
    </account>
    <account id="edcbafa9-64f7-49bf-9543-4894c30dcc38" name="marskar">
      <server host="github.com" />
    </account>
  </component>
  <component name="GithubSettings">
    <option name="CLONE_GIT_USING_SSH" value="true" />
  </component>
</application>