<application>
  <component name="RInterpreterSettings">
    <option name="interpreters">
      <list>
        <RSerializableInterpreter>
          <option name="name" value="r" />
          <option name="path" value="$USER_HOME$/miniconda/envs/r/bin/R" />
          <option name="timestamp" value="1595868082184" />
          <option name="version" value="4.0.2" />
        </RSerializableInterpreter>
        <RSerializableInterpreter>
          <option name="name" value="Suggested" />
          <option name="path" value="/usr/local/bin/R" />
          <option name="timestamp" value="1592956085000" />
          <option name="version" value="4.0.2" />
        </RSerializableInterpreter>
      </list>
    </option>
  </component>
</application>