<application>
  <component name="WebServers">
    <option name="servers">
      <webServer id="60b18a97-ea14-4ce1-8f60-ad6054fea426" name="ubuntu@10.194.71.57:22" url="http:///">
        <fileTransfer accessType="SFTP" host="10.194.71.57" port="22" sshConfigId="024c2fec-665d-44b0-a529-96e2539f48a6" sshConfig="ubuntu@10.194.71.57:22 key" keyPair="true" />
      </webServer>
      <webServer id="60b18a97-ea14-4ce1-8f60-ad6054fea426" name="ubuntu@10.194.71.57:22" url="http:///">
        <fileTransfer accessType="SFTP" host="10.194.71.57" port="22" sshConfigId="024c2fec-665d-44b0-a529-96e2539f48a6" sshConfig="ubuntu@10.194.71.57:22 key" keyPair="true" />
      </webServer>
    </option>
  </component>
</application>