<keymap version="1" name="macOS copy" parent="Mac OS X 10.5+">
  <action id="ActivateMessagesToolWindow" />
  <action id="CollapseAll" />
  <action id="CollapseExpandableComponent">
    <keyboard-shortcut first-keystroke="shift enter" />
  </action>
  <action id="CollapseRegion" />
  <action id="EditorDecreaseFontSize">
    <keyboard-shortcut first-keystroke="meta minus" />
  </action>
  <action id="EditorIncreaseFontSize">
    <keyboard-shortcut first-keystroke="meta equals" />
  </action>
  <action id="EditorResetFontSize">
    <keyboard-shortcut first-keystroke="meta 0" />
  </action>
  <action id="EditorSplitLine" />
  <action id="ExecuteInPyConsoleAction">
    <keyboard-shortcut first-keystroke="shift alt e" />
    <keyboard-shortcut first-keystroke="shift ctrl e" />
    <keyboard-shortcut first-keystroke="meta enter" />
  </action>
  <action id="ExpandAll" />
  <action id="ExpandExpandableComponent">
    <keyboard-shortcut first-keystroke="shift enter" />
  </action>
  <action id="ExpandRegion" />
  <action id="ExternalSystem.CollapseAll" />
  <action id="ExternalSystem.ExpandAll" />
  <action id="Generate">
    <keyboard-shortcut first-keystroke="ctrl enter" />
  </action>
  <action id="Git.Checkout.Branch">
    <keyboard-shortcut first-keystroke="enter" />
  </action>
  <action id="Git.CheckoutRevision">
    <keyboard-shortcut first-keystroke="enter" />
  </action>
  <action id="Images.Editor.ActualSize">
    <keyboard-shortcut first-keystroke="meta divide" />
    <keyboard-shortcut first-keystroke="meta slash" />
    <keyboard-shortcut first-keystroke="meta 0" />
  </action>
  <action id="Images.Editor.ZoomIn">
    <keyboard-shortcut first-keystroke="meta add" />
  </action>
  <action id="Images.Editor.ZoomOut">
    <keyboard-shortcut first-keystroke="meta subtract" />
  </action>
  <action id="JupyterSelectCellAboveCommandModeAction">
    <keyboard-shortcut first-keystroke="up" />
    <keyboard-shortcut first-keystroke="k" />
  </action>
  <action id="JupyterSelectCellBelowCommandModeAction">
    <keyboard-shortcut first-keystroke="down" />
    <keyboard-shortcut first-keystroke="j" />
  </action>
  <action id="JupyterSplitCellAction">
    <keyboard-shortcut first-keystroke="shift ctrl minus" />
  </action>
  <action id="JupyterTurnCommandModeOnAction">
    <keyboard-shortcut first-keystroke="shift escape" />
  </action>
  <action id="SaveAs">
    <keyboard-shortcut first-keystroke="shift meta s" />
  </action>
  <action id="Terminal.SmartCommandExecution.Run" />
  <action id="org.jetbrains.r.rendering.chunk.RunChunksBelowAction">
    <keyboard-shortcut first-keystroke="meta alt e" />
  </action>
</keymap>