<keymap version="1" name="macOS copy" parent="Mac OS X 10.5+">
  <action id="ActivateCommitToolWindow" />
  <action id="Console.TableResult.Submit" />
  <action id="EditorDecreaseFontSize">
    <keyboard-shortcut first-keystroke="meta minus" />
  </action>
  <action id="EditorIncreaseFontSize">
    <keyboard-shortcut first-keystroke="meta equals" />
  </action>
  <action id="EditorResetFontSize">
    <keyboard-shortcut first-keystroke="meta 0" />
  </action>
  <action id="EditorSplitLine" />
  <action id="ExecuteInPyConsoleAction">
    <keyboard-shortcut first-keystroke="shift alt e" />
    <keyboard-shortcut first-keystroke="shift ctrl e" />
    <keyboard-shortcut first-keystroke="meta enter" />
  </action>
  <action id="Git.Checkout.Branch">
    <keyboard-shortcut first-keystroke="enter" />
  </action>
  <action id="Git.CheckoutRevision">
    <keyboard-shortcut first-keystroke="enter" />
  </action>
  <action id="Images.Editor.ZoomOut">
    <keyboard-shortcut first-keystroke="meta subtract" />
  </action>
  <action id="JupyterSplitCellAction">
    <keyboard-shortcut first-keystroke="shift alt minus" />
  </action>
  <action id="SaveAs">
    <keyboard-shortcut first-keystroke="shift meta s" />
  </action>
</keymap>