<keymap version="1" name="skar" parent="Mac OS X 10.5+">
  <action id="$Paste">
    <keyboard-shortcut first-keystroke="meta v" />
    <keyboard-shortcut first-keystroke="ctrl y" />
  </action>
  <action id="$Redo">
    <keyboard-shortcut first-keystroke="shift meta z" />
    <keyboard-shortcut first-keystroke="shift alt back_space" />
    <keyboard-shortcut first-keystroke="ctrl equals" />
  </action>
  <action id="$Undo">
    <keyboard-shortcut first-keystroke="meta z" />
    <keyboard-shortcut first-keystroke="ctrl minus" />
  </action>
  <action id="Editor Paste">
    <keyboard-shortcut first-keystroke="ctrl y" />
  </action>
  <action id="Editor Redo">
    <keyboard-shortcut first-keystroke="ctrl equals" />
  </action>
  <action id="Editor Undo">
    <keyboard-shortcut first-keystroke="ctrl minus" />
  </action>
  <action id="EditorBackSpace">
    <keyboard-shortcut first-keystroke="back_space" />
    <keyboard-shortcut first-keystroke="shift back_space" />
    <keyboard-shortcut first-keystroke="ctrl h" />
  </action>
  <action id="EditorCutLineBackward">
    <keyboard-shortcut first-keystroke="ctrl u" />
  </action>
  <action id="EditorDecreaseFontSize">
    <keyboard-shortcut first-keystroke="meta minus" />
  </action>
  <action id="EditorIncreaseFontSize">
    <keyboard-shortcut first-keystroke="meta equals" />
  </action>
  <action id="EditorKillToWordEnd">
    <keyboard-shortcut first-keystroke="alt d" />
  </action>
  <action id="EditorKillToWordStart">
    <keyboard-shortcut first-keystroke="ctrl w" />
  </action>
  <action id="EditorNextWord">
    <keyboard-shortcut first-keystroke="alt right" />
    <keyboard-shortcut first-keystroke="ctrl alt f" />
    <keyboard-shortcut first-keystroke="alt f" />
  </action>
  <action id="EditorNextWordWithSelection">
    <keyboard-shortcut first-keystroke="shift alt right" />
    <keyboard-shortcut first-keystroke="shift ctrl alt f" />
    <keyboard-shortcut first-keystroke="shift alt f" />
  </action>
  <action id="EditorPreviousWord">
    <keyboard-shortcut first-keystroke="alt left" />
    <keyboard-shortcut first-keystroke="ctrl alt b" />
    <keyboard-shortcut first-keystroke="alt b" />
  </action>
  <action id="EditorPreviousWordWithSelection">
    <keyboard-shortcut first-keystroke="shift alt left" />
    <keyboard-shortcut first-keystroke="shift ctrl alt b" />
    <keyboard-shortcut first-keystroke="shift alt b" />
  </action>
  <action id="EditorResetFontSize">
    <keyboard-shortcut first-keystroke="meta 0" />
  </action>
  <action id="FocusEditor">
    <keyboard-shortcut first-keystroke="shift escape" />
  </action>
  <action id="Git.Checkout.Branch">
    <keyboard-shortcut first-keystroke="enter" />
  </action>
  <action id="Git.CheckoutRevision">
    <keyboard-shortcut first-keystroke="enter" />
  </action>
  <action id="GotoAction">
    <keyboard-shortcut first-keystroke="shift meta p" />
  </action>
  <action id="HideActiveWindow" />
  <action id="JupyterSplitCellAction">
    <keyboard-shortcut first-keystroke="shift ctrl minus" />
  </action>
  <action id="SaveAs">
    <keyboard-shortcut first-keystroke="shift meta s" />
  </action>
  <action id="Terminal.SwitchFocusToEditor">
    <keyboard-shortcut first-keystroke="shift escape" />
  </action>
</keymap>